tweet_id,favorite_count,retweet_count,followers_count,friends_count,source,retweeted_status,url
892420643555336193,38259,8384,7438052,10,Twitter for iPhone,Original tweet,https://t.co/MgUWQ76dJU
891815181378084864,24696,4094,7438052,10,Twitter for iPhone,Original tweet,https://t.co/r0YlrsGCgy
891087950875897856,19954,3070,7438052,10,Twitter for iPhone,Original tweet,https://t.co/xx5cilW0Dd
890729181411237888,64579,18617,7438052,10,Twitter for iPhone,Original tweet,https://t.co/hrcFOGi12V
890609185150312448,27435,4212,7438052,10,Twitter for iPhone,Original tweet,https://t.co/UkrdQyoYxV
890240255349198849,31483,7280,7438052,10,Twitter for iPhone,Original tweet,https://t.co/l3TSS3o2M0
889665388333682689,47495,9919,7438052,10,Twitter for iPhone,Original tweet,https://t.co/BxvuXk0UCm
889531135344209921,14905,2209,7438052,10,Twitter for iPhone,Original tweet,https://t.co/Ya3bdfYuCx
888917238123831296,28703,4435,7438052,10,Twitter for iPhone,Original tweet,https://t.co/chxruIOUJN
887705289381826560,29765,5318,7438052,10,Twitter for iPhone,Original tweet,https://t.co/m7BR4JgDrZ
887473957103951883,68195,17935,7438052,10,Twitter for iPhone,Original tweet,https://t.co/cLyzpcUcMX
886983233522544640,34707,7671,7438052,10,Twitter for iPhone,Original tweet,https://t.co/I6oNy0CgiT
886680336477933568,22145,4403,7438712,10,Twitter for iPhone,Original tweet,https://t.co/BCoWue0abA
886366144734445568,20900,3159,7438052,10,Twitter for iPhone,Original tweet,https://t.co/iIu3AF8IWH
886258384151887873,27621,6193,7438052,10,Twitter for iPhone,Original tweet,https://t.co/xZDA9Qsq1O
885528943205470208,35519,6341,7438052,10,Twitter for iPhone,Original tweet,https://t.co/tp1kQ8i9JF
885311592912609280,0,18343,7438052,10,Twitter for iPhone,This is a retweet,This is a retweet
885167619883638784,21637,4322,7438052,10,Twitter for iPhone,Original tweet,https://t.co/JMU4y341NB
884876753390489601,27563,5586,7438052,10,Twitter for iPhone,Original tweet,https://t.co/DbNzLkDIxh
884247878851493888,72113,20199,7438052,10,Twitter for iPhone,Original tweet,https://t.co/uF3pQ8Wubj
883838122936631299,21622,3405,7438052,10,Twitter for iPhone,Original tweet,https://t.co/zrf7IQnlHI
883360690899218434,22286,3633,7438052,10,Twitter for iPhone,Original tweet,https://t.co/vAdjP5ANuJ
882992080364220416,23666,3868,7438052,10,Twitter for iPhone,Original tweet,https://t.co/tyER0KpdXj
882627270321602560,27569,6009,7438052,10,Twitter for iPhone,Original tweet,https://t.co/KoU1kxPBcn
882268110199369728,44386,11452,7438712,10,Twitter for iPhone,Original tweet,https://t.co/fYP5RlutfA
881666595344535552,49941,10538,7438052,10,Twitter for iPhone,Original tweet,https://t.co/7CSWCl8I6s
881536004380872706,48837,15760,7438052,10,Twitter for iPhone,Original tweet,https://t.co/w1FVZz0JFM
881268444196462592,22795,5108,7438052,10,Twitter for iPhone,Original tweet,https://t.co/J4Q5YjzLH0
880221127280381952,26732,4168,7438052,10,Twitter for iPhone,Original tweet,https://t.co/fUod0tVmvK
879862464715927552,22052,3457,7438052,10,Twitter for iPhone,Original tweet,https://t.co/Qh5aEkRQm9
879674319642796034,310,10,7438051,10,Twitter for iPhone,Original tweet,d
879415818425184262,104610,43719,7438051,10,Twitter for iPhone,Original tweet,https://t.co/UDT7ZkcTgY
879050749262655488,22299,4672,7438051,10,Twitter for iPhone,Original tweet,https://t.co/ffTAMZt2n7
879008229531029506,18754,2666,7438051,10,Twitter for iPhone,Original tweet,https://t.co/YDtpCjIPKN
878604707211726852,29921,7126,7438050,10,Twitter for iPhone,Original tweet,https://t.co/9uABQXgjwa
878404777348136964,0,1275,7438050,10,Twitter for iPhone,This is a retweet,This is a retweet
878281511006478336,7654,1275,7438050,10,Twitter for iPhone,Original tweet,https://t.co/5HuiInQveF
877611172832227328,0,80,7438050,10,Twitter for iPhone,This is a retweet,This is a retweet
877316821321428993,27040,5123,7438050,10,Twitter for iPhone,Original tweet,https://t.co/tVXlmh3uX3
877201837425926144,26806,5530,7438050,10,Twitter for iPhone,Original tweet,https://t.co/kVwm88J6Yr
876537666061221889,23224,4582,7438050,10,Twitter for iPhone,Original tweet,https://t.co/ghfhFSYrMm
875747767867523072,24905,4258,7438050,10,Twitter for iPhone,Original tweet,https://t.co/XRwtpQiJ15
875097192612077568,27120,6003,7438050,10,Twitter for iPhone,Original tweet,https://t.co/PFp4MghzBW
875021211251597312,25189,4683,7438050,10,Twitter for iPhone,Original tweet,https://t.co/brCQoqc8AW
874434818259525634,0,14645,7438050,10,Twitter for iPhone,This is a retweet,This is a retweet
874057562936811520,22419,3933,7438050,10,Twitter for iPhone,Original tweet,https://t.co/0MXV9ZDhS5
873580283840344065,23979,3926,7438050,10,Twitter for iPhone,Original tweet,https://t.co/jbitZ0V20S
873213775632977920,7167,1580,7438050,10,Twitter for iPhone,Original tweet,https://t.co/CWPYZJvjrI
872820683541237760,14578,3683,7438050,10,Twitter for iPhone,Original tweet,https://t.co/M15eX8HhsR
872261713294495745,33923,6304,7438050,10,Twitter for iPhone,Original tweet,https://t.co/iZPEmIPLLY
871879754684805121,37730,11169,7438050,10,Twitter for iPhone,Original tweet,https://t.co/vgvqHeVsE0
871762521631449091,20131,3473,7438050,10,Twitter for iPhone,Original tweet,https://t.co/NxsjNYcUBx
871166179821445120,0,5699,7438050,10,Twitter for iPhone,This is a retweet,This is a retweet
871032628920680449,22527,3818,7438050,10,Twitter for iPhone,Original tweet,https://t.co/ESmXMT4AxF
870726314365509632,119,3,7438050,10,Twitter for iPhone,Original tweet,s
870656317836468226,12347,2652,7438050,10,Twitter for iPhone,Original tweet,https://t.co/EHTUbra0oP
870308999962521604,21736,4165,7438050,10,Twitter for iPhone,Original tweet,https://t.co/LR0TT56LvT
869772420881756160,42278,10073,7438050,10,Twitter for iPhone,Original tweet,https://t.co/HciEaJkC4D
869596645499047938,15933,3142,7438050,10,Twitter for iPhone,Original tweet,https://t.co/8UTtgmsPdl
869227993411051520,20382,3803,7438050,10,Twitter for iPhone,Original tweet,https://t.co/2lERR4Uoyt
868639477480148993,0,2111,7438050,10,Twitter for iPhone,This is a retweet,This is a retweet
867900495410671616,24185,4211,7438050,10,Twitter for iPhone,Original tweet,https://t.co/DI5BnH6c3G
867421006826221569,16116,2532,7438050,10,Twitter for iPhone,Original tweet,https://t.co/nqhQ44KnQL
867072653475098625,0,123,7438050,10,Twitter for iPhone,This is a retweet,This is a retweet
866450705531457537,122635,35704,7438050,10,Twitter for iPhone,Original tweet,https://t.co/wk7TfysWHr
866094527597207552,0,8485,7438051,10,Twitter for iPhone,This is a retweet,This is a retweet
865359393868664832,26586,5068,7438051,10,Twitter for iPhone,Original tweet,https://t.co/SOuLinJPxm
864873206498414592,32472,8850,7438051,10,Twitter for iPhone,Original tweet,https://t.co/0ryaeQJlsv
864197398364647424,30352,9094,7438051,10,Twitter for iPhone,Original tweet,https://t.co/cPq9fYvkzr
863907417377173506,20766,4214,7438051,10,Twitter for iPhone,Original tweet,https://t.co/U6bao5cpeB
863471782782697472,0,2500,7438051,10,Twitter for iPhone,This is a retweet,This is a retweet
863079547188785154,8835,1118,7438051,10,Twitter for iPhone,Original tweet,https://t.co/zghdwwB2nL
862831371563274240,19337,5180,7438051,10,Twitter for iPhone,Original tweet,https://t.co/bLy0kgX5n6
862722525377298433,17208,3594,7438051,10,Twitter for iPhone,Original tweet,https://t.co/RGMQzkgo9c
862096992088072192,75289,23780,7438051,10,Twitter for iPhone,Original tweet,https://t.co/nvZyyrp0kd
861005113778896900,16895,3889,7438051,10,Twitter for iPhone,Original tweet,https://t.co/jH6EN9cEn6
860981674716409858,0,2209,7438051,10,Twitter for iPhone,This is a retweet,This is a retweet
860563773140209665,7592,2209,7438051,10,Twitter for iPhone,Original tweet,https://t.co/xml5aIGWxv
860276583193509888,18515,3559,7438051,10,Twitter for iPhone,Original tweet,https://t.co/k5d7pFQVxx
860184849394610176,16886,5975,7438051,10,Twitter for iPhone,Original tweet,https://t.co/R2eI8bm9MI
860177593139703809,0,31643,7438051,10,Twitter for iPhone,This is a retweet,This is a retweet
859851578198683649,15586,3599,7438051,10,Twitter for iPhone,Original tweet,https://t.co/748iOtO7w3
858860390427611136,0,8371,7438051,10,Twitter for iPhone,This is a retweet,This is a retweet
858471635011153920,21814,4989,7438051,10,Twitter for iPhone,Original tweet,https://t.co/8jOC4zhNxy
857746408056729600,34847,10975,7438051,10,Twitter for iPhone,Original tweet,https://t.co/N3p4ePizgN
857263160327368704,20350,4664,7438051,10,Twitter for iPhone,Original tweet,https://t.co/HtCrP7pEEC
857214891891077121,233,18,7438051,10,Twitter for iPhone,Original tweet,0
857029823797047296,19274,4138,7438051,10,Twitter for iPhone,Original tweet,https://t.co/uMH5CLjXJu
856526610513747968,12062,1942,7438051,10,Twitter for iPhone,Original tweet,https://t.co/p1hBHCmWnA
856288084350160898,526,17,7438051,10,Twitter for iPhone,Original tweet,https://t.co/ax4MDnXBhB
856282028240666624,28267,6547,7438051,10,Twitter for iPhone,Original tweet,https://t.co/tK2h7fEVOk
855860136149123072,5147,1069,7438051,10,Twitter for iPhone,Original tweet,0
855818117272018944,27158,5638,7438051,10,Twitter for iPhone,Original tweet,https://t.co/5BEjzT2Tth
855245323840757760,0,6221,7438051,10,Twitter for iPhone,This is a retweet,This is a retweet
855138241867124737,0,48,7438051,10,Twitter for iPhone,This is a retweet,This is a retweet
854732716440526848,23395,6365,7438051,10,Twitter for iPhone,Original tweet,https://t.co/nJztIEON5s
854120357044912130,32800,7818,7438051,10,Twitter for iPhone,Original tweet,https://t.co/lXqbJhAYAk
853760880890318849,29379,6070,7438051,10,Twitter for iPhone,Original tweet,https://t.co/82vBKvbxNx
853639147608842240,35846,10615,7438051,10,Twitter for iPhone,Original tweet,https://t.co/wiQZIsaWUe
852936405516943360,0,2110,7438051,10,Twitter for iPhone,This is a retweet,This is a retweet
852672615818899456,15370,2264,7438051,10,Twitter for iPhone,Original tweet,https://t.co/VlyBzOXHEW
852311364735569921,34166,10402,7438051,10,Twitter for iPhone,Original tweet,https://t.co/R9KX8eEq80
852226086759018497,20640,7156,7438051,10,Twitter Web Client,Original tweet,https://t.co/RM95BluXh5
851953902622658560,0,10158,7438051,10,Twitter for iPhone,This is a retweet,This is a retweet
851464819735769094,25100,7461,7438051,10,Twitter for iPhone,Original tweet,https://t.co/ttNEXfVvAN
851224888060895234,21385,6035,7438051,10,Twitter for iPhone,Original tweet,https://t.co/ebGLkLA8bC
850753642995093505,32124,9808,7438051,10,Twitter for iPhone,Original tweet,https://t.co/Li4ELyFLtp
850333567704068097,3549,352,7438051,10,Twitter for iPhone,Original tweet,S
849776966551130114,31608,8042,7438051,10,Twitter for iPhone,Original tweet,https://t.co/JSflLuOMob
849412302885593088,16473,3330,7438051,10,Twitter for iPhone,Original tweet,https://t.co/Uq3ChFgWA3
849336543269576704,11854,1998,7438051,10,Twitter for iPhone,Original tweet,https://t.co/C6cLzHKtpG
848690551926992896,26187,4581,7438051,10,Twitter for iPhone,Original tweet,https://t.co/bR2UgZPzRE
848212111729840128,16971,3267,7438051,10,Twitter for iPhone,Original tweet,https://t.co/KUBZuymfjF
847971574464610304,0,458,7438051,10,Twitter for iPhone,This is a retweet,This is a retweet
847962785489326080,24459,5420,7438051,10,Twitter for iPhone,Original tweet,https://t.co/1G620DbMlY
847842811428974592,5703,1427,7438051,10,Twitter for iPhone,Original tweet,https://t.co/YrKQoI5Dde
847251039262605312,21294,4568,7438051,10,Twitter for iPhone,Original tweet,https://t.co/zhbRIZQgnq
847116187444137987,22318,3395,7438051,10,Twitter for iPhone,Original tweet,https://t.co/FoS7RUQGBI
846874817362120707,20949,4180,7438051,10,Twitter for iPhone,Original tweet,https://t.co/uaeFb7LCT9
846505985330044928,14740,3296,7438051,10,Twitter for iPhone,Original tweet,https://t.co/GJ8rozumsy
846042936437604353,16683,3085,7438051,10,Twitter for iPhone,Original tweet,https://t.co/0hLkztpiOW
845677943972139009,26220,5103,7438051,10,Twitter for iPhone,Original tweet,https://t.co/R6xQ5n19T3
845306882940190720,24378,5761,7438051,10,Twitter for iPhone,Original tweet,https://t.co/7mPCF4ZwEk
845098359547420673,0,8189,7438051,10,Twitter for iPhone,This is a retweet,This is a retweet
844973813909606400,15806,3438,7438051,10,Twitter for iPhone,Original tweet,https://t.co/7TWoMa3h5W
844704788403113984,40502,11061,7438051,10,Twitter for iPhone,Original tweet,https://t.co/wwKLUUt6dk
844223788422217728,14264,2348,7438051,10,Twitter for iPhone,Original tweet,https://t.co/VI27R8R4nA
843604394117681152,17688,2947,7438051,10,Twitter for iPhone,Original tweet,https://t.co/wHUElL84RC
842846295480000512,15937,3852,7438051,10,Twitter for iPhone,Original tweet,https://t.co/nFpNgCWWYs
842535590457499648,18968,3754,7438051,10,Twitter for iPhone,Original tweet,https://t.co/Tf0rh9ZgZe
842115215311396866,14690,3248,7438051,10,Twitter for iPhone,Original tweet,https://t.co/iDK4OyQJoy
841833993020538882,0,16472,7438051,10,Twitter for iPhone,This is a retweet,This is a retweet
841439858740625411,13253,3937,7438051,10,Twitter for iPhone,Original tweet,https://t.co/lFivFHjdCU
841077006473256960,24030,5699,7438051,10,Twitter for iPhone,Original tweet,https://t.co/XKJrmO4fAQ
840728873075638272,0,17415,7438051,10,Twitter for iPhone,This is a retweet,This is a retweet
840696689258311684,12918,1054,7438051,10,Twitter for iPhone,Original tweet,https://t.co/2gclc1MNr7
840268004936019968,20265,6168,7438051,10,Twitter for iPhone,Original tweet,https://t.co/JQT6a68X0D
839549326359670784,28955,8371,7438051,10,Twitter for iPhone,Original tweet,https://t.co/ESW7mcQeZV
839290600511926273,0,154,7438051,10,Twitter for iPhone,This is a retweet,This is a retweet
838952994649550848,20645,4275,7438051,10,Twitter for iPhone,Original tweet,https://t.co/ngAxYLVYHP
838831947270979586,0,11926,7438051,10,Twitter for iPhone,This is a retweet,This is a retweet
838476387338051585,23809,5198,7438051,10,Twitter for iPhone,Original tweet,https://t.co/51FXNuouHI
838201503651401729,0,10897,7438051,10,Twitter for iPhone,This is a retweet,This is a retweet
838083903487373313,18574,3399,7438050,10,Twitter for iPhone,Original tweet,https://t.co/meUc8jufAO
837482249356513284,4040,476,7438050,10,Twitter for iPhone,Original tweet,https://t.co/W68fzRDWlX
837471256429613056,13485,2476,7438050,10,Twitter for iPhone,Original tweet,https://t.co/8hIndhskzN
837110210464448512,16892,2589,7438050,10,Twitter for iPhone,Original tweet,https://t.co/7pUjwe8X6B
836753516572119041,20281,4987,7438050,10,Twitter for iPhone,Original tweet,https://t.co/zOUjCf39ZY
836677758902222849,13295,2399,7438050,10,Twitter for iPhone,Original tweet,https://t.co/RG3VPvE3qI
836648853927522308,0,593,7438050,10,Twitter for iPhone,This is a retweet,This is a retweet
836380477523124226,15529,3196,7438050,10,Twitter for iPhone,Original tweet,https://t.co/WiqIifrlvl
835685285446955009,0,8836,7438050,10,Twitter for iPhone,This is a retweet,This is a retweet
835536468978302976,0,1844,7438050,10,Twitter for iPhone,This is a retweet,This is a retweet
835309094223372289,0,22753,7438050,10,Twitter for iPhone,This is a retweet,This is a retweet
835264098648616962,8186,1844,7438050,10,Twitter for iPhone,Original tweet,https://t.co/jzpoQR1MY0
835172783151792128,27606,6217,7438050,10,Twitter for iPhone,Original tweet,https://t.co/faYkZD4RKp
834786237630337024,22341,5926,7438050,10,Twitter for iPhone,Original tweet,https://t.co/7qhRRXg79X
834477809192075265,0,11566,7438050,10,Twitter for iPhone,This is a retweet,This is a retweet
834209720923721728,21784,5191,7438050,10,Twitter for iPhone,Original tweet,https://t.co/FaeinVjzTZ
833863086058651648,14176,2605,7438050,10,Twitter for iPhone,Original tweet,https://t.co/HDloTYilWZ
833732339549220864,0,235,7438050,10,Twitter for iPhone,This is a retweet,This is a retweet
833722901757046785,21878,3482,7438050,10,Twitter for iPhone,Original tweet,https://t.co/c7KSbGR413
833479644947025920,15710,2244,7438050,10,Twitter for iPhone,Original tweet,https://t.co/YGeSpyN8Gu
832998151111966721,14071,2407,7438050,10,Twitter for iPhone,Original tweet,https://t.co/vhXGKjOSMz
832645525019123713,3085,564,7438050,10,Twitter Web Client,Original tweet,https://t.co/dp5h9bCwU7
832636094638288896,16778,3037,7438050,10,Twitter for iPhone,Original tweet,https://t.co/Y4DZx2UWsr
832369877331693569,18146,3458,7438050,10,Twitter for iPhone,Original tweet,https://t.co/Dhdx5HnQ4d
832215909146226688,0,6724,7438050,10,Twitter for iPhone,This is a retweet,This is a retweet
832088576586297345,70,2,7438050,10,Twitter for iPhone,Original tweet,5
832040443403784192,0,10570,7438051,10,Twitter for iPhone,This is a retweet,This is a retweet
831939777352105988,25422,6666,7438051,10,Twitter for iPhone,Original tweet,https://t.co/Q8LolvMddM
831670449226514432,11063,1972,7438051,10,Twitter for iPhone,Original tweet,https://t.co/u6p4LxzHKg
831552930092285952,9538,2490,7438051,10,Twitter for iPhone,Original tweet,https://t.co/IiB5fchBNM
831322785565769729,9732,1662,7438051,10,Twitter for iPhone,Original tweet,https://t.co/Xc0gyovCtK
831309418084069378,12418,2657,7438051,10,Twitter for iPhone,Original tweet,https://t.co/CAFr8SiFl9
830583320585068544,70980,18343,7438051,10,Twitter for iPhone,Original tweet,https://t.co/SATN4If5H5
830097400375152640,10422,3277,7438051,10,Twitter for iPhone,Original tweet,https://t.co/1hPFQL9xpK
829878982036299777,0,5466,7438051,10,Twitter for iPhone,This is a retweet,This is a retweet
829501995190984704,33697,11566,7438051,10,Twitter for iPhone,Original tweet,https://t.co/hzjGiTmhgj
829374341691346946,36743,10158,7438051,10,Twitter for iPhone,Original tweet,https://t.co/xo7FZFIAao
829141528400556032,26018,8082,7438051,10,Twitter for iPhone,Original tweet,https://t.co/rHwfySggqR
829011960981237760,56270,17665,7438051,10,Twitter for iPhone,Original tweet,https://t.co/GBAOEZbHhN
828801551087042563,0,3711,7438051,10,Twitter for iPhone,This is a retweet,This is a retweet
828770345708580865,27144,6412,7438051,10,Twitter for iPhone,Original tweet,https://t.co/iiswSKWKPF
828708714936930305,38887,12252,7438051,10,Twitter for iPhone,Original tweet,https://t.co/WKw8mEljj2
828650029636317184,10093,1470,7438051,10,Twitter for iPhone,Original tweet,https://t.co/bZ4axuH6OK
828409743546925057,6679,1254,7438051,10,Twitter for iPhone,Original tweet,https://t.co/ZH5CvRlCxt
828381636999917570,13413,2423,7438051,10,Twitter for iPhone,Original tweet,https://t.co/sPHZB0Hwf0
828376505180889089,7845,1161,7438052,10,Twitter for iPhone,Original tweet,https://t.co/HKBVZqXFNR
828372645993398273,13310,3205,7438052,10,Twitter for iPhone,Original tweet,https://t.co/aYBUiGornB
828361771580813312,2329,184,7438052,10,Twitter Web Client,Original tweet,n
828046555563323392,12496,3124,7438052,10,Twitter for iPhone,Original tweet,https://t.co/sD8LLJIDzZ
827653905312006145,16402,3286,7438052,10,Twitter for iPhone,Original tweet,https://t.co/0UTrm0dQfI
827600520311402496,7868,1035,7438052,10,Twitter for iPhone,Original tweet,https://t.co/Fx3mpICbFz
827324948884643840,16886,3344,7438052,10,Twitter for iPhone,Original tweet,https://t.co/oIRnxBH7mJ
827199976799354881,11238,2450,7438052,10,Twitter for iPhone,Original tweet,https://t.co/zV7A8OnKPV
826958653328592898,22945,5466,7438052,10,Twitter for iPhone,Original tweet,https://t.co/QV5nx6otZR
826615380357632002,0,4312,7438052,10,Twitter for iPhone,This is a retweet,This is a retweet
826598799820865537,5441,277,7438052,10,Twitter for iPhone,Original tweet,g
826598365270007810,10715,2562,7438052,10,Twitter for iPhone,Original tweet,https://t.co/YprN62Z74I
826476773533745153,19604,4580,7438053,10,Twitter for iPhone,Original tweet,https://t.co/qeIgYo9OLq
826240494070030336,14119,2823,7438053,10,Twitter for iPhone,Original tweet,https://t.co/srXL2s868C
826204788643753985,5192,1018,7438053,10,Twitter for iPhone,Original tweet,https://t.co/1httNYrCeW https://t.co/KvaM8j3jhX
825829644528148480,13567,2723,7438053,10,Twitter for iPhone,Original tweet,https://t.co/YimNdkZrhM
825535076884762624,55437,18807,7438053,10,Twitter for iPhone,Original tweet,https://t.co/804eeysJkI
825147591692263424,19484,5005,7438053,10,Twitter for iPhone,Original tweet,https://t.co/AyBEmx56MD
825120256414846976,0,1406,7438053,10,Twitter for iPhone,This is a retweet,This is a retweet
825026590719483904,6758,1406,7438053,10,Twitter for iPhone,Original tweet,https://t.co/HGMMHsgGXm
824796380199809024,0,6011,7438054,10,Twitter for iPhone,This is a retweet,This is a retweet
824325613288833024,12550,11362,7438054,10,Twitter for iPhone,Original tweet,https://t.co/wBmc7OaGvS
824297048279236611,16043,4231,7438054,10,Twitter for iPhone,Original tweet,https://t.co/EmJbG0skLt
824025158776213504,5084,646,7438054,10,Twitter for iPhone,Original tweet,https://t.co/50qq2DItPW
823939628516474880,11355,2970,7438054,10,Twitter for iPhone,Original tweet,https://t.co/m0hrATIEyw
823719002937630720,0,12298,7438054,10,Twitter for iPhone,This is a retweet,This is a retweet
823699002998870016,13412,2652,7438054,10,Twitter for iPhone,Original tweet,https://t.co/RsMs6iThDO
823581115634085888,13901,2895,7438054,10,Twitter for iPhone,Original tweet,https://t.co/6F5Rrp472U
823333489516937216,743,29,7438054,10,Twitter for iPhone,Original tweet,0
823322678127919110,16786,4400,7438054,10,Twitter for iPhone,Original tweet,https://t.co/stkJ377KK7
823269594223824897,0,10803,7438054,10,Twitter for iPhone,This is a retweet,This is a retweet
822859134160621569,14096,2497,7438054,10,Twitter for iPhone,Original tweet,https://t.co/b2odGgBYBP
822647212903690241,0,7045,7438054,10,Twitter for iPhone,This is a retweet,This is a retweet
822610361945911296,15755,3245,7438054,10,Twitter for iPhone,Original tweet,https://t.co/irJJJr0gHz
822489057087389700,19364,7045,7438054,10,Twitter for iPhone,Original tweet,https://t.co/liJGwMp17E
822462944365645825,30421,16087,7438054,10,Twitter for iPhone,Original tweet,https://t.co/q5ulLHbQ5h
822244816520155136,37399,10803,7438054,10,Twitter for iPhone,Original tweet,https://t.co/rLi83ZyCL5
821813639212650496,0,3659,7438054,10,Twitter for iPhone,This is a retweet,This is a retweet
821765923262631936,8999,1825,7438054,10,Twitter for iPhone,Original tweet,https://t.co/maDNMETA52
821522889702862852,8567,1939,7438054,10,Twitter for iPhone,Original tweet,https://t.co/REgCuirOhe
821421320206483457,0,6141,7438054,10,Twitter for iPhone,This is a retweet,This is a retweet
821407182352777218,12577,4780,7438054,10,Twitter for iPhone,Original tweet,https://t.co/Xn5AQtiqzG
821153421864615936,272,10,7438054,10,Twitter for iPhone,Original tweet,e
821044531881721856,13535,2512,7438054,10,Twitter for iPhone,Original tweet,https://t.co/8whqFhaex4
820837357901512704,0,7346,7438054,10,Twitter for iPhone,This is a retweet,This is a retweet
820749716845686786,33717,10897,7438054,10,Twitter for iPhone,Original tweet,https://t.co/EMq8Ud6Ze1
820690176645140481,13040,3544,7438054,10,Twitter for iPhone,Original tweet,https://t.co/NIYC820tmd
820494788566847489,0,623,7438054,10,Twitter for iPhone,This is a retweet,This is a retweet
820446719150292993,0,2838,7438054,10,Twitter for iPhone,This is a retweet,This is a retweet
820013781606658049,0,1302,7438054,10,Twitter for iPhone,This is a retweet,This is a retweet
819952236453363712,5689,1302,7438054,10,Twitter for iPhone,Original tweet,https://t.co/3UFtdZEa0l
819924195358416896,13752,5318,7438054,10,Twitter for iPhone,Original tweet,https://t.co/XdRNXNYD4E
819711362133872643,14403,3449,7438054,10,Twitter for iPhone,Original tweet,https://t.co/m5fYxrO3IU
819588359383371776,10225,2161,7438054,10,Twitter for iPhone,Original tweet,https://t.co/52cItP0vIO
819227688460238848,24706,7346,7438054,10,Twitter for iPhone,Original tweet,https://t.co/ii5eNX5LJT
819015337530290176,0,40289,7438054,10,Twitter for iPhone,This is a retweet,This is a retweet
819015331746349057,0,20767,7438054,10,Twitter for iPhone,This is a retweet,This is a retweet
819006400881917954,48307,20767,7438054,10,Twitter for iPhone,Original tweet,https://t.co/YOC1fHFCSb
819004803107983360,92434,40289,7438054,10,Twitter for iPhone,Original tweet,https://t.co/AdPKrI8BZ1
818646164899774465,0,22945,7438054,10,Twitter for iPhone,This is a retweet,This is a retweet
818614493328580609,10554,2839,7438054,10,Twitter for iPhone,Original tweet,https://t.co/FOF0hBDxP8
818588835076603904,0,6751,7438054,10,Twitter for iPhone,This is a retweet,This is a retweet
818536468981415936,11680,2726,7438054,10,Twitter for iPhone,Original tweet,https://t.co/rAtJLcwXVk
818307523543449600,0,8941,7438054,10,Twitter for iPhone,This is a retweet,This is a retweet
818259473185828864,11811,2518,7438054,10,Twitter for iPhone,Original tweet,https://t.co/rnkvT2kvib
818145370475810820,13155,2862,7438054,10,Twitter for iPhone,Original tweet,https://t.co/JlPug12E5Z
817827839487737858,55556,29857,7438054,10,Twitter for iPhone,Original tweet,https://t.co/q2BgNIi3OA
817777686764523521,11457,2941,7438054,10,Twitter for iPhone,Original tweet,https://t.co/X67OOW0q2I
817536400337801217,12639,3342,7438054,10,Twitter for iPhone,Original tweet,https://t.co/tFqQLwSBiH
817502432452313088,0,3727,7438054,10,Twitter for iPhone,This is a retweet,This is a retweet
817423860136083457,36675,16472,7438054,10,Twitter for iPhone,Original tweet,https://t.co/btzf1zTDeQ
817415592588222464,6019,1061,7438054,10,Twitter for iPhone,Original tweet,https://t.co/dEyZso9D3z
817181837579653120,0,9365,7438055,10,Twitter for iPhone,This is a retweet,This is a retweet
817171292965273600,9348,2212,7438055,10,Twitter for iPhone,Original tweet,https://t.co/56uBP28eqw
817120970343411712,13039,2886,7438055,10,Twitter for iPhone,Original tweet,https://t.co/kCLgD8687T
817056546584727552,9188,1820,7438055,10,Twitter for iPhone,Original tweet,https://t.co/r6SLVN2VUH
816829038950027264,0,5195,7438055,10,Twitter for iPhone,This is a retweet,This is a retweet
816450570814898180,32792,8941,7438055,10,Twitter for iPhone,Original tweet,https://t.co/LIhmM7i70k
816336735214911488,9216,2153,7438055,10,Twitter for iPhone,Original tweet,https://t.co/nuJxtmlLcY
816091915477250048,9574,2373,7438055,10,Twitter for iPhone,Original tweet,https://t.co/tlfuZ25IMi
816062466425819140,0,1147,7438055,10,Twitter for iPhone,This is a retweet,This is a retweet
816014286006976512,0,5854,7438055,10,Twitter for iPhone,This is a retweet,This is a retweet
815745968457060357,0,4556,7438055,10,Twitter for iPhone,This is a retweet,This is a retweet
815736392542261248,10547,2503,7438055,10,Twitter for iPhone,Original tweet,https://t.co/gd9UlLOCQ0
815639385530101762,8813,1813,7438055,10,Twitter for iPhone,Original tweet,https://t.co/bLZuOh9sKy
815390420867969024,11095,4196,7438056,10,Twitter for iPhone,Original tweet,https://t.co/9njRxyUd5L
814986499976527872,8191,1425,7438056,10,Twitter for iPhone,Original tweet,https://t.co/01vpuRDXQ8
814530161257443328,9298,2045,7438056,10,Twitter for iPhone,Original tweet,https://t.co/IOdgfnSE9G
814153002265309185,30879,9582,7438056,10,Twitter for iPhone,Original tweet,https://t.co/YIJo7X7K9J
813944609378369540,0,3531,7438056,10,Twitter for iPhone,This is a retweet,This is a retweet
813910438903693312,9974,2076,7438056,10,Twitter for iPhone,Original tweet,https://t.co/z1VRj1cYZf
813812741911748608,39005,15445,7438056,10,Twitter for iPhone,Original tweet,https://t.co/2LqNkbHRgt
813800681631023104,8962,1941,7438057,10,Twitter for iPhone,Original tweet,https://t.co/OuaVvVkwJ1
813187593374461952,21288,4811,7438057,10,Twitter for iPhone,Original tweet,https://t.co/rvSANEsQZJ
813172488309972993,10029,2111,7438057,10,Twitter for iPhone,Original tweet,https://t.co/bxGwkJa2kE
813157409116065792,8324,2449,7438057,10,Twitter for iPhone,Original tweet,https://t.co/hwhCbhCjnV
813142292504645637,9038,2600,7438057,10,Twitter for iPhone,Original tweet,https://t.co/KK4XQK9SPi
813130366689148928,4795,488,7438057,10,Twitter for iPhone,Original tweet,0
813127251579564032,12740,3449,7438057,10,Twitter for iPhone,Original tweet,https://t.co/BzITyGw3JA
813081950185472002,10607,3053,7438057,10,Twitter for iPhone,Original tweet,https://t.co/PjulYEXTvg
813066809284972545,8550,2146,7438057,10,Twitter for iPhone,Original tweet,https://t.co/syuTXARdtN
813051746834595840,22509,8089,7438057,10,Twitter for iPhone,Original tweet,https://t.co/AIMF8ouzvl
812781120811126785,8143,2106,7438056,10,Twitter for iPhone,Original tweet,https://t.co/lXFM1l22bG
812747805718642688,0,7652,7438056,10,Twitter for iPhone,This is a retweet,This is a retweet
812466873996607488,8588,2120,7438056,10,Twitter for iPhone,Original tweet,https://t.co/BAJrfPvtux
812372279581671427,14725,4041,7438056,10,Twitter for iPhone,Original tweet,https://t.co/gCnAeL2mvT
811985624773361665,7802,1547,7438056,10,Twitter for iPhone,Original tweet,https://t.co/sIB5C6FDop
811744202451197953,8117,1781,7438056,10,Twitter for iPhone,Original tweet,https://t.co/TZkiQZqwA6
811647686436880384,6003,820,7438056,10,Twitter for iPhone,Original tweet,0
811627233043480576,13764,3461,7438056,10,Twitter for iPhone,Original tweet,https://t.co/IU8S0n4oxn
810896069567610880,9727,1977,7438056,10,Twitter for iPhone,Original tweet,https://t.co/PqJcGVZBx9
810657578271330305,11783,2920,7438056,10,Twitter for iPhone,Original tweet,https://t.co/MXd0AGDsRJ
810284430598270976,38132,12604,7438056,10,Twitter for iPhone,Original tweet,https://t.co/9p6ECXJMMu
810254108431155201,15793,3711,7438056,10,Twitter for iPhone,Original tweet,https://t.co/ElJPHbfSMy
809920764300447744,16648,4312,7438056,10,Twitter for iPhone,Original tweet,https://t.co/HIraYS1Bzo
809808892968534016,0,5415,7438056,10,Twitter for iPhone,This is a retweet,This is a retweet
809448704142938112,7446,1621,7438056,10,Twitter for iPhone,Original tweet,https://t.co/EMdnCugNbo
809220051211603969,21450,6212,7438056,10,Twitter for iPhone,Original tweet,https://t.co/2JjYys5zMP
809084759137812480,14216,3873,7438056,10,Twitter for iPhone,Original tweet,https://t.co/ySn6zB6mwQ
808838249661788160,10862,3362,7438056,10,Twitter for iPhone,Original tweet,https://t.co/Zrrcw29o13
808501579447930884,12136,2877,7438056,10,Twitter for iPhone,Original tweet,https://t.co/SQhyqrr8px
808344865868283904,45729,22945,7438056,10,Vine - Make a Scene,Original tweet,https://t.co/hfi264QwYM
808134635716833280,0,6574,7438056,10,Twitter for iPhone,This is a retweet,This is a retweet
808106460588765185,9377,2425,7438056,10,Twitter for iPhone,Original tweet,https://t.co/7nJXFt8Ggy
808001312164028416,13532,3905,7438056,10,Twitter for iPhone,Original tweet,https://t.co/O9iGgvfuzl
807106840509214720,121206,59912,7438056,10,Twitter for iPhone,Original tweet,https://t.co/DkBYaCAg2d
807059379405148160,0,8111,7438056,10,Twitter for iPhone,This is a retweet,This is a retweet
807010152071229440,14016,4228,7438057,10,Twitter for iPhone,Original tweet,https://t.co/IARUfU6khr
806629075125202948,80876,38551,7438057,10,Twitter for iPhone,Original tweet,https://t.co/f1h2Fsalv9
806620845233815552,0,6104,7438057,10,Twitter for iPhone,This is a retweet,This is a retweet
806576416489959424,5212,2121,7438057,10,Twitter for iPhone,Original tweet,https://t.co/QrFkqgHR1G
806219024703037440,6907,1321,7438057,10,Twitter for iPhone,Original tweet,https://t.co/7Mgf5xvIAQ
805958939288408065,0,5952,7438057,10,Twitter for iPhone,This is a retweet,This is a retweet
805932879469572096,8893,2112,7438057,10,Twitter for iPhone,Original tweet,https://t.co/3P9dKV5Me1
805826884734976000,7091,2025,7438057,10,Twitter for iPhone,Original tweet,https://t.co/SgpBVYIL18
805823200554876929,0,8898,7438057,10,Twitter for iPhone,This is a retweet,This is a retweet
805520635690676224,6173,1822,7438057,10,Twitter for iPhone,Original tweet,https://t.co/WNdOIm4bXy
804738756058218496,14797,4262,7438057,10,Twitter for iPhone,Original tweet,https://t.co/kQVQoOW9NZ
804475857670639616,6621,2219,7438057,10,Twitter for iPhone,Original tweet,https://t.co/LEZ8jR5txd
804413760345620481,0,3562,7438057,10,Twitter for iPhone,This is a retweet,This is a retweet
804026241225523202,48062,17941,7438057,10,Twitter for iPhone,Original tweet,https://t.co/U7FvBZo6Bq
803773340896923648,10817,3065,7438057,10,Twitter for iPhone,Original tweet,https://t.co/ZxeRjMKaWt
803380650405482500,8347,2056,7438057,10,Twitter for iPhone,Original tweet,https://t.co/yPbCALoy2n
803321560782307329,0,5880,7438057,10,Twitter for iPhone,This is a retweet,This is a retweet
803276597545603072,10793,2736,7438057,10,Twitter for iPhone,Original tweet,https://t.co/jxQhxoPsgL
802952499103731712,9723,2223,7438057,10,Twitter for iPhone,Original tweet,https://t.co/yLm7hQ6UXh
802624713319034886,0,3246,7438057,10,Twitter for iPhone,This is a retweet,This is a retweet
802323869084381190,17508,6467,7438057,10,Twitter for iPhone,Original tweet,https://t.co/8Cbu9eKkfG
802265048156610565,7111,1508,7438057,10,Twitter for iPhone,Original tweet,https://t.co/9IxWAXFqze
802239329049477120,9786,2881,7438057,10,Twitter for iPhone,Original tweet,https://t.co/wG8NYg87Hw
802185808107208704,0,295,7438057,10,Twitter for iPhone,This is a retweet,This is a retweet
801958328846974976,8320,1889,7438057,10,Twitter for iPhone,Original tweet,https://t.co/4fY2bsAm65
801285448605831168,6532,921,7438057,10,Twitter for iPhone,Original tweet,https://t.co/bC69RrW559
801167903437357056,26404,6574,7438057,10,Twitter for iPhone,Original tweet,https://t.co/R6wJyC2Tey
801127390143516673,0,4398,7438057,10,Twitter for iPhone,This is a retweet,This is a retweet
801115127852503040,8714,2314,7438057,10,Twitter for iPhone,Original tweet,https://t.co/A1hx5HKfQ6
800859414831898624,744,107,7438057,10,Twitter for iPhone,Original tweet,s
800855607700029440,0,1805,7438057,10,Twitter for iPhone,This is a retweet,This is a retweet
800513324630806528,14153,3329,7438057,10,Twitter for iPhone,Original tweet,https://t.co/ILHGs0e6Dm
800459316964663297,10190,2395,7438057,10,Twitter for iPhone,Original tweet,https://t.co/61sX7pW5Ca
800443802682937345,0,4776,7438057,10,Twitter for iPhone,This is a retweet,This is a retweet
800188575492947969,0,4364,7438057,10,Twitter for iPhone,This is a retweet,This is a retweet
800141422401830912,16497,2838,7438057,10,Twitter for iPhone,Original tweet,https://t.co/pbKOesr8Tg
800018252395122689,30604,14596,7438057,10,Twitter for iPhone,Original tweet,https://t.co/gQqRBfkX4I
799774291445383169,0,5189,7438057,10,Twitter for iPhone,This is a retweet,This is a retweet
799757965289017345,9067,2396,7438057,10,Twitter for iPhone,Original tweet,https://t.co/OiH8PaOxB1
799422933579902976,8672,2118,7438057,10,Twitter for iPhone,Original tweet,https://t.co/cWlAEOZefY
799063482566066176,8735,2727,7438057,10,Twitter for iPhone,Original tweet,https://t.co/BXJFKOVnJm
798933969379225600,14201,4959,7438057,10,Twitter for iPhone,Original tweet,https://t.co/KJAKO2kXsL
798925684722855936,8018,1591,7438057,10,Twitter for iPhone,Original tweet,https://t.co/XzX91DfYVV
798705661114773508,0,7315,7438057,10,Twitter for iPhone,This is a retweet,This is a retweet
798701998996647937,0,8643,7438057,10,Twitter for iPhone,This is a retweet,This is a retweet
798686750113755136,0,2576,7438057,10,Twitter for iPhone,This is a retweet,This is a retweet
798682547630837760,0,5230,7438057,10,Twitter for iPhone,This is a retweet,This is a retweet
798673117451325440,0,6144,7438057,10,Twitter for iPhone,This is a retweet,This is a retweet
798665375516884993,0,4309,7438057,10,Twitter for iPhone,This is a retweet,This is a retweet
798585098161549313,0,6324,7438057,10,Twitter for iPhone,This is a retweet,This is a retweet
798576900688019456,0,6495,7438057,10,Twitter for iPhone,This is a retweet,This is a retweet
798340744599797760,0,3728,7438057,10,Twitter for iPhone,This is a retweet,This is a retweet
798209839306514432,11197,2832,7438057,10,Twitter for iPhone,Original tweet,https://t.co/jG1PAFkB81
797971864723324932,12567,3474,7438057,10,Twitter for iPhone,Original tweet,https://t.co/GRWPgNKt2z
797545162159308800,15638,5377,7438057,10,Twitter for iPhone,Original tweet,https://t.co/Ia19irLwyB
796904159865868288,0,9852,7438057,10,Twitter for iPhone,This is a retweet,This is a retweet
796865951799083009,8285,2108,7438057,10,Twitter for iPhone,Original tweet,https://t.co/Jgnuiyvq06
796759840936919040,12798,3385,7438057,10,Twitter for iPhone,Original tweet,https://t.co/6hx7ur6sNI
796563435802726400,0,8089,7438717,10,Twitter for iPhone,This is a retweet,This is a retweet
796484825502875648,8175,1950,7438057,10,Twitter for iPhone,Original tweet,https://t.co/bvkkqOjNDV
796387464403357696,11874,4613,7438057,10,Twitter for iPhone,Original tweet,https://t.co/CE3SrCv6L3
796125600683540480,5324,1977,7438057,10,Twitter for iPhone,Original tweet,https://t.co/a18mzkhTf6
796116448414461957,9797,2682,7438057,10,Twitter for iPhone,Original tweet,https://t.co/7i0bDMbrVN
796080075804475393,9120,2571,7438057,10,Twitter for iPhone,Original tweet,https://t.co/opoXKxmfFm
796031486298386433,11650,4083,7438057,10,Twitter for iPhone,Original tweet,https://t.co/PbgvuD0qIL
795464331001561088,53746,26389,7438057,10,Twitter for iPhone,Original tweet,https://t.co/gBUDjdEcqz
795076730285391872,17507,6011,7438057,10,Twitter for iPhone,Original tweet,https://t.co/ivPWhspN3E
794983741416415232,0,3734,7438057,10,Twitter for iPhone,This is a retweet,This is a retweet
794926597468000259,11092,2560,7438057,10,Twitter for iPhone,Original tweet,https://t.co/XRPvTPF0VH
794355576146903043,0,11393,7438057,10,Twitter for iPhone,This is a retweet,This is a retweet
794332329137291264,10321,2928,7438057,10,Twitter for iPhone,Original tweet,https://t.co/yF6kcAT3gx
794205286408003585,9911,3662,7438057,10,Twitter for iPhone,Original tweet,https://t.co/6vnu1aYjbU
793614319594401792,0,3451,7438057,10,Twitter for iPhone,This is a retweet,This is a retweet
793601777308463104,8598,1814,7438057,10,Twitter for iPhone,Original tweet,https://t.co/LhzPWv6rTv
793500921481273345,11533,2640,7438057,10,Twitter for iPhone,Original tweet,https://t.co/aF5MmpvPqN
793286476301799424,26549,10186,7438057,10,Twitter for iPhone,Original tweet,https://t.co/rLHGx3VAF3
793271401113350145,9320,2620,7438057,10,Twitter for iPhone,Original tweet,https://t.co/NA1VR1PkjD
793256262322548741,21550,9236,7438058,10,Twitter for iPhone,Original tweet,https://t.co/BNy9IIJMb0
793210959003287553,9636,3116,7438058,10,Twitter for iPhone,Original tweet,https://t.co/etL8FHBrh8
793195938047070209,16469,6227,7438058,10,Twitter for iPhone,Original tweet,https://t.co/YSi6K1firY
793180763617361921,7464,2203,7438058,10,Twitter for iPhone,Original tweet,https://t.co/2VhmlwxA1Q
793165685325201412,10137,3085,7438058,10,Twitter for iPhone,Original tweet,https://t.co/cXDCGTiL1x
793150605191548928,6651,1889,7438058,10,Twitter for iPhone,Original tweet,https://t.co/3lE8Izgmkf
792883833364439040,12205,4733,7438058,10,Twitter for iPhone,Original tweet,https://t.co/v17mFm0Ftz
792773781206999040,7920,1862,7438058,10,Twitter for iPhone,Original tweet,https://t.co/RhaPExuxJL
792394556390137856,14528,4747,7438058,10,Twitter for iPhone,Original tweet,https://t.co/of0pFNBIl8
792050063153438720,7746,1988,7438058,10,Twitter for iPhone,Original tweet,https://t.co/kte5KPffQj
791821351946420224,0,23268,7438058,10,Twitter for iPhone,This is a retweet,This is a retweet
791784077045166082,0,10671,7438058,10,Twitter for iPhone,This is a retweet,This is a retweet
791672322847637504,12682,3451,7438058,10,Twitter for iPhone,Original tweet,https://t.co/O5IUmRHRIh
791406955684368384,14156,4556,7438058,10,Twitter for iPhone,Original tweet,https://t.co/zoWrqNMHrl
791312159183634433,9474,2816,7438058,10,Twitter for iPhone,Original tweet,https://t.co/GGJvxYt3xK
791026214425268224,0,4555,7438058,10,Twitter for iPhone,This is a retweet,This is a retweet
790987426131050500,10671,2366,7438058,10,Twitter for iPhone,Original tweet,https://t.co/Eno0mypHIr
790946055508652032,17908,5195,7438058,10,Twitter for iPhone,Original tweet,https://t.co/dgvTPZ9tgI
790581949425475584,22298,7946,7438058,10,Twitter for iPhone,Original tweet,https://t.co/Fd5WFDTMH4
790337589677002753,8437,2064,7438058,10,Twitter for iPhone,Original tweet,https://t.co/ovE2hqXryV
790277117346975746,13517,3531,7438058,10,Twitter for iPhone,Original tweet,https://t.co/aI7umZHIq7
790227638568808452,0,3952,7438058,10,Twitter for iPhone,This is a retweet,This is a retweet
789986466051088384,9970,2568,7438058,10,Twitter for iPhone,Original tweet,https://t.co/Ln89R4FP7v
789628658055020548,8103,1970,7438058,10,Twitter for iPhone,Original tweet,https://t.co/huPSJJ7FDI
789599242079838210,7297,2144,7438058,10,Twitter for iPhone,Original tweet,https://t.co/0R4meWXFOx
789530877013393408,12691,3734,7438058,10,Twitter for iPhone,Original tweet,https://t.co/TU4sZogVIq
789314372632018944,9270,2550,7438058,10,Twitter for iPhone,Original tweet,https://t.co/G2ms0A5jWM
789280767834746880,0,5472,7438058,10,Twitter for iPhone,This is a retweet,This is a retweet
788908386943430656,29521,13704,7438058,10,Twitter for iPhone,Original tweet,https://t.co/3BXh073tDm
788765914992902144,29563,11393,7438058,10,Twitter for iPhone,Original tweet,https://t.co/x5gXRS1abq
788552643979468800,0,7965,7438058,10,Twitter for iPhone,This is a retweet,This is a retweet
788412144018661376,16809,5861,7438058,10,Twitter for iPhone,Original tweet,https://t.co/4DhSsC1W7S
788178268662984705,7799,2341,7438058,10,Twitter for iPhone,Original tweet,https://t.co/s7MgFWDySc
788150585577050112,6630,1439,7438058,10,Twitter for iPhone,Original tweet,https://t.co/xosHjFzVXc
787810552592695296,9357,3371,7438058,10,Twitter for iPhone,Original tweet,https://t.co/pNNjBtHWPc
787717603741622272,10994,3076,7438058,10,Twitter for iPhone,Original tweet,https://t.co/i622ZbWkUp
787397959788929025,11681,3136,7438058,10,Twitter for iPhone,Original tweet,https://t.co/lHVHGdDzb3
787322443945877504,8392,1924,7438058,10,Twitter for iPhone,Original tweet,https://t.co/lsrR83SiVp
787111942498508800,0,7411,7438058,10,Twitter for iPhone,This is a retweet,This is a retweet
786963064373534720,28616,8836,7438058,10,Twitter for iPhone,Original tweet,https://t.co/ibj5g6xaAj
786664955043049472,11493,2836,7438058,10,Twitter for iPhone,Original tweet,https://t.co/HmlEvAMP4r
786595970293370880,10120,3418,7438058,10,Twitter for iPhone,Original tweet,https://t.co/L8BWDD4oBX
786363235746385920,11741,3874,7438058,10,Twitter for iPhone,Original tweet,https://t.co/TVXpEJB7Wn
786286427768250368,8588,3161,7438058,10,Vine - Make a Scene,Original tweet,https://t.co/ObT2tSxXit
786036967502913536,0,7804,7438058,10,Twitter for iPhone,This is a retweet,This is a retweet
785927819176054784,12223,3494,7438058,10,Twitter for iPhone,Original tweet,https://t.co/lntsj7Fc4Y
785872687017132033,7194,2018,7438058,10,Twitter for iPhone,Original tweet,https://t.co/1j9kLGb4wV
785639753186217984,8408,2452,7438058,10,Twitter for iPhone,Original tweet,https://t.co/aBsZTpv6mM
785533386513321988,9803,2217,7438058,10,Twitter for iPhone,Original tweet,https://t.co/h4jhlH4EyG
785515384317313025,6556,1388,7438058,10,Twitter for iPhone,Original tweet,y
785170936622350336,13024,5364,7438058,10,Twitter for iPhone,Original tweet,https://t.co/rKCJnWRpR2
784826020293709826,10906,3562,7438058,10,Twitter for iPhone,Original tweet,https://t.co/AsykOwMrXQ
784517518371221505,9657,2797,7438058,10,Twitter for iPhone,Original tweet,https://t.co/p6fgYe2dB6
784431430411685888,6125,1414,7438058,10,Twitter for iPhone,Original tweet,https://t.co/PHA1vtqqpt
784183165795655680,21634,8898,7438058,10,Vine - Make a Scene,Original tweet,https://t.co/t0cEeRbcXJ
783821107061198850,7925,2167,7438058,10,Twitter for iPhone,Original tweet,https://t.co/STcPjiNAHp
783695101801398276,11236,3555,7438058,10,Twitter for iPhone,Original tweet,https://t.co/iwUv1KnD1P
783466772167098368,9081,2486,7438058,10,Twitter for iPhone,Original tweet,https://t.co/UAw6F2p7ta
783391753726550016,18143,6079,7438058,10,Twitter for iPhone,Original tweet,https://t.co/BO936YdJdi
783347506784731136,0,6174,7438058,10,Twitter for iPhone,This is a retweet,This is a retweet
783334639985389568,31432,12935,7438058,10,Twitter for iPhone,Original tweet,https://t.co/nfprKAXqwu
782969140009107456,25918,8111,7438058,10,Twitter for iPhone,Original tweet,https://t.co/vOBV1ZqVcX
782747134529531904,8029,1539,7438058,10,Twitter for iPhone,Original tweet,https://t.co/C6fUMnHt1H
782722598790725632,18555,5952,7438058,10,Twitter for iPhone,Original tweet,https://t.co/zrMVdfFej6
782598640137187329,8361,2063,7438058,10,Twitter for iPhone,Original tweet,https://t.co/BIUchFwHqn
782305867769217024,17920,6141,7438058,10,Twitter for iPhone,Original tweet,https://t.co/pgVKxRw0s1
782021823840026624,0,6874,7438058,10,Twitter for iPhone,This is a retweet,This is a retweet
781655249211752448,4295,1236,7438058,10,Vine - Make a Scene,Original tweet,https://t.co/LOKrNo0OM7
781524693396357120,22290,6104,7438058,10,Twitter for iPhone,Original tweet,https://t.co/ya7bviQUUf
781308096455073793,7658,2801,7438058,10,Vine - Make a Scene,Original tweet,https://t.co/WQvcPEpH2u
781251288990355457,9062,2312,7438058,10,Twitter for iPhone,Original tweet,https://t.co/xIYsa6LPA4
781163403222056960,10488,3005,7438058,10,Twitter for iPhone,Original tweet,https://t.co/YkHc7U7uUy
780931614150983680,23234,8089,7438058,10,Twitter for iPhone,Original tweet,https://t.co/5dUYOu4b8d
780601303617732608,12974,3659,7438058,10,Twitter for iPhone,Original tweet,https://t.co/mH0IOyFdIG
780543529827336192,6762,1909,7438058,10,Twitter for iPhone,Original tweet,https://t.co/VG095mi09Q
780496263422808064,0,4085,7438059,10,Twitter for iPhone,This is a retweet,This is a retweet
780476555013349377,0,128,7438059,10,Twitter for iPhone,This is a retweet,This is a retweet
780459368902959104,5674,1175,7438059,10,Twitter for iPhone,Original tweet,https://t.co/coi4l1T2Sm
780074436359819264,13147,5501,7438059,10,Vine - Make a Scene,Original tweet,https://t.co/dVm5Hgdpeb
779834332596887552,20392,7804,7438059,10,Twitter for iPhone,Original tweet,https://t.co/x0gV2Ck3AD
779377524342161408,9468,3423,7438059,10,Twitter for iPhone,Original tweet,https://t.co/KsqaIzlQ12
779124354206535695,0,20263,7438059,10,Twitter for iPhone,This is a retweet,This is a retweet
779123168116150273,12671,4005,7438059,10,Twitter for iPhone,Original tweet,https://t.co/uMfhduaate
778774459159379968,0,10960,7438059,10,Twitter for iPhone,This is a retweet,This is a retweet
778764940568104960,920,403,7438059,10,Twitter for iPhone,Original tweet,https://t.co/tird9cIlzB
778748913645780993,7402,1468,7438059,10,Twitter for iPhone,Original tweet,https://t.co/1dpEuALnY0
778650543019483137,6195,1641,7438059,10,Twitter for iPhone,Original tweet,https://t.co/SS4TsHlPUG
778624900596654080,4995,1116,7438059,10,Twitter for iPhone,Original tweet,https://t.co/0rRxyBQt32
778408200802557953,14636,4784,7438059,10,Twitter for iPhone,Original tweet,https://t.co/gJKD9pst5A
778383385161035776,6256,1212,7438059,10,Twitter for iPhone,Original tweet,https://t.co/zP1IvAATWv
778039087836069888,9097,2891,7438060,10,Twitter for iPhone,Original tweet,https://t.co/t8Y4x9DmVD
778027034220126208,7034,1783,7438060,10,Twitter for iPhone,Original tweet,https://t.co/PxjSmYHfYo
777953400541634568,0,3873,7438060,10,Twitter for iPhone,This is a retweet,This is a retweet
777885040357281792,6816,1809,7438060,10,Twitter for iPhone,Original tweet,https://t.co/pL7wbMRW7M
777641927919427584,0,4669,7438060,10,Twitter for iPhone,This is a retweet,This is a retweet
777621514455814149,9410,2738,7438061,10,Twitter for iPhone,Original tweet,https://t.co/BnVTMtUeI3
776819012571455488,0,15103,7438061,10,Twitter for iPhone,This is a retweet,This is a retweet
776477788987613185,9485,3081,7438061,10,Twitter for iPhone,Original tweet,https://t.co/iJE3F0VozW
776218204058357768,32156,17550,7438061,10,Twitter for iPhone,Original tweet,https://t.co/nzqTNw0744
776201521193218049,10282,2773,7438061,10,Twitter for iPhone,Original tweet,https://t.co/Pq150LeRaC
776088319444877312,1966,167,7438061,10,Twitter for iPhone,Original tweet,https://t.co/wOhuABgj6I
775733305207554048,14812,4398,7438061,10,Twitter for iPhone,Original tweet,https://t.co/9CcBSxCXXG
775364825476165632,7958,3266,7438061,10,Twitter for iPhone,Original tweet,https://t.co/7FNcBaKbci
774757898236878852,9135,1944,7438061,10,Twitter for iPhone,Original tweet,https://t.co/dS8SCbNF9P
774314403806253056,23306,6131,7438061,10,Twitter for iPhone,Original tweet,https://t.co/7oQ1wpfxIH
773985732834758656,11498,4259,7438061,10,Twitter for iPhone,Original tweet,https://t.co/RFWtDqTnAz
773704687002451968,7065,1800,7438061,10,Twitter for iPhone,Original tweet,https://t.co/OqNggd4Oio
773547596996571136,23625,6751,7438061,10,Twitter for iPhone,Original tweet,https://t.co/nBJ5RE4yHb
773308824254029826,24859,8189,7438061,10,Twitter for iPhone,Original tweet,https://t.co/0Fcft7jl4N
773247561583001600,10077,3522,7438061,10,Twitter for iPhone,Original tweet,https://t.co/hG5WYT9ECn
772877495989305348,9175,4244,7438061,10,Twitter Web Client,Original tweet,https://t.co/qEP31epKEV
772615324260794368,0,3693,7438061,10,Twitter for iPhone,This is a retweet,This is a retweet
772193107915964416,6415,1513,7438061,10,Twitter for iPhone,Original tweet,https://t.co/Dp0s7MRIHK
772152991789019136,4041,1227,7438061,10,Twitter for iPhone,Original tweet,https://t.co/H9yjI9eo3A
771908950375665664,7036,2081,7438061,10,Twitter for iPhone,Original tweet,https://t.co/yOVzAomJ6k
771500966810099713,8847,2873,7438061,10,Twitter for iPhone,Original tweet,https://t.co/1tWe5zZoHv
771380798096281600,11251,5584,7438061,10,Twitter for iPhone,Original tweet,https://t.co/sPB5JMnWBn
771136648247640064,9826,3207,7438061,10,Twitter for iPhone,Original tweet,https://t.co/8VEDZKHddR
771004394259247104,0,240,7438061,10,Twitter for iPhone,This is a retweet,This is a retweet
770772759874076672,5557,1550,7438061,10,Twitter for iPhone,Original tweet,https://t.co/lqr0NdtwQo
770414278348247044,6722,2256,7438061,10,Twitter for iPhone,Original tweet,https://t.co/OUwWbEKOUV
770069151037685760,8105,2522,7438061,10,Twitter for iPhone,Original tweet,https://t.co/mADHGenzFS
769695466921623552,6829,1819,7438061,10,Twitter for iPhone,Original tweet,https://t.co/vhrkz0dK4v
769212283578875904,5763,1873,7438061,10,Twitter for iPhone,Original tweet,https://t.co/OCYLz3fjVE
768855141948723200,4481,970,7438061,10,Twitter for iPhone,Original tweet,https://t.co/1BxxcdVNJ8
768596291618299904,5363,1396,7438061,10,Twitter for iPhone,Original tweet,https://t.co/J2AJdyxglH
768473857036525572,14561,3744,7438061,10,Twitter for iPhone,Original tweet,https://t.co/goy9053wC7
767754930266464257,17130,5880,7438061,10,Twitter for iPhone,Original tweet,https://t.co/Nb68IsVb9O
767191397493538821,13118,4165,7438061,10,Twitter for iPhone,Original tweet,https://t.co/QOKZdus9TT
767122157629476866,10812,3118,7438061,10,Twitter for iPhone,Original tweet,https://t.co/IEARC2sRzC
766864461642756096,0,6188,7438061,10,Twitter for iPhone,This is a retweet,This is a retweet
766693177336135680,4309,862,7438061,10,Twitter for iPhone,Original tweet,https://t.co/cTlHjEUNK8
766313316352462849,7242,2060,7438061,10,Twitter for iPhone,Original tweet,https://t.co/xuxZoObmF0
766078092750233600,0,2835,7438061,10,Twitter for iPhone,This is a retweet,This is a retweet
766008592277377025,3996,537,7438061,10,Twitter for iPhone,Original tweet,https://t.co/jaivZ1dcUL
765395769549590528,28170,3702,7438061,10,Twitter for iPhone,Original tweet,https://t.co/ep1NkYoiwB
765222098633691136,12395,3693,7438061,10,Twitter for iPhone,Original tweet,https://t.co/eSvz4EapHH
764857477905154048,6854,1933,7438061,10,Twitter for iPhone,Original tweet,https://t.co/cBIFBsCRz6
763956972077010945,789,59,7438061,10,Twitter for iPhone,Original tweet,0
763167063695355904,0,3292,7438061,10,Twitter for iPhone,This is a retweet,This is a retweet
762699858130116608,12992,3952,7438061,10,Twitter for iPhone,Original tweet,https://t.co/2lBg3ZgivD
762471784394268675,12039,7074,7438061,10,Twitter for iPhone,Original tweet,https://t.co/pA4MDKwRci
761750502866649088,0,4302,7438061,10,Twitter for iPhone,This is a retweet,This is a retweet
761672994376806400,52826,31643,7438061,10,Twitter for iPhone,Original tweet,https://t.co/EY8kEFuzK7
761227390836215808,5668,1697,7438061,10,Twitter for iPhone,Original tweet,https://t.co/nhLX27WsDY
760656994973933572,7041,2100,7438061,10,Twitter for iPhone,Original tweet,https://t.co/tl3gNYdoq2
760252756032651264,4192,942,7438061,10,Twitter for iPhone,Original tweet,https://t.co/4gOv2Q3iKP
759943073749200896,6325,2280,7438061,10,Vine - Make a Scene,Original tweet,https://t.co/HtAR6gpUAu
759557299618865152,5012,1280,7438061,10,Twitter for iPhone,Original tweet,https://t.co/JRV1dhBYwu
758854675097526272,3778,974,7438061,10,Twitter for iPhone,Original tweet,https://t.co/4UrfOZhztW
758474966123810816,4070,1079,7438061,10,Twitter for iPhone,Original tweet,https://t.co/uPUAotqQtM
758099635764359168,20451,10960,7438061,10,Vine - Make a Scene,Original tweet,https://t.co/iy7ylyZcsE
757729163776290825,0,8818,7438061,10,Twitter for iPhone,This is a retweet,This is a retweet
757596066325864448,4624,1153,7438061,10,Twitter for iPhone,Original tweet,https://t.co/mOmnL19Wsl
757354760399941633,4808,1547,7438061,10,Twitter for iPhone,Original tweet,https://t.co/7waRPODGyO
756303284449767430,4205,1180,7438061,10,Twitter for iPhone,Original tweet,https://t.co/az5BVcIV5I
755955933503782912,7810,3143,7438061,10,Twitter for iPhone,Original tweet,https://t.co/GAYViEweWr
754747087846248448,2743,568,7438061,10,Twitter for iPhone,Original tweet,https://t.co/G9ufksBMlU
754120377874386944,8326,2543,7438061,10,Twitter for iPhone,Original tweet,https://t.co/lFEoGqZ4oA
753375668877008896,8118,2531,7438061,10,Twitter for iPhone,Original tweet,https://t.co/3r7wjfsXHc
753039830821511168,39451,22753,7438061,10,Vine - Make a Scene,Original tweet,https://t.co/dsv4xAtfv7
752682090207055872,6368,1746,7438061,10,Twitter for iPhone,Original tweet,https://t.co/xVSodF19PS
752519690950500352,7841,3745,7438061,10,Twitter for iPhone,Original tweet,https://t.co/G54yClasz2
751937170840121344,5544,1461,7438061,10,Twitter for iPhone,Original tweet,https://t.co/Vfc3eAFl2q
751598357617971201,8390,3300,7438061,10,Twitter for iPhone,Original tweet,https://t.co/fHQrBKYSLC
751251247299190784,13265,6369,7438061,10,Twitter for iPhone,Original tweet,https://t.co/wayKZkDRTG
751132876104687617,5397,1415,7438061,10,Twitter for iPhone,Original tweet,https://t.co/yToDwVXEpA
750383411068534784,4820,1232,7438061,10,Twitter for iPhone,Original tweet,https://t.co/FfH3o88Vta
750071704093859840,8350,3619,7438061,10,Twitter for iPhone,Original tweet,https://t.co/RG4C9IdNJM
750026558547456000,2880,856,7438061,10,TweetDeck,Original tweet,https://t.co/jrg29NDNhI
749774190421639168,4928,1419,7438061,10,Twitter for iPhone,Original tweet,https://t.co/4yXa801fgl
749395845976588288,9129,3756,7438061,10,Twitter for iPhone,Original tweet,https://t.co/lznl6QGkYc
748977405889503236,11355,3681,7438061,10,Twitter for iPhone,Original tweet,https://t.co/nDPaYHrtNX
748705597323898880,2929,1026,7438061,10,Twitter Web Client,Original tweet,https://t.co/eA7k1ZQslA
748346686624440324,5542,1340,7438062,10,Twitter for iPhone,Original tweet,https://t.co/XFBrrqapZa
747933425676525569,7019,2761,7438062,10,Twitter for iPhone,Original tweet,https://t.co/oQqlOsla4R
747844099428986880,2968,811,7438062,10,Twitter for iPhone,Original tweet,https://t.co/V7h5NMYbYz
747594051852075008,3907,1137,7438062,10,Twitter for iPhone,Original tweet,https://t.co/Ie2mWXWjpr
747439450712596480,5742,2076,7438062,10,Vine - Make a Scene,Original tweet,https://t.co/VCijm2eVpR
746906459439529985,3051,320,7438062,10,Twitter for iPhone,Original tweet,https://t.co/c7WXaB2nqX
746790600704425984,5156,1714,7438062,10,Twitter for iPhone,Original tweet,https://t.co/jeWEGUgbXf
746507379341139972,4899,1167,7438062,10,Twitter for iPhone,Original tweet,https://t.co/PlR6hjqvr5
746056683365994496,3754,883,7438062,10,Twitter for iPhone,Original tweet,https://t.co/VJgbgIzIHx
745314880350101504,7571,2990,7438062,10,Twitter for iPhone,Original tweet,https://t.co/AWMeXJJz64
744995568523612160,3145,673,7438062,10,Twitter for iPhone,Original tweet,https://t.co/2FPb45NXrK
744223424764059648,1793,401,7438062,10,Twitter for iPhone,Original tweet,https://t.co/RNqS7C4Y4N
743835915802583040,0,2252,7438062,10,Twitter for iPhone,This is a retweet,This is a retweet
743253157753532416,4473,1307,7438062,10,Twitter for iPhone,Original tweet,https://t.co/gSmp31Zrsx
